topic_id,non_shein_labor,shein_labor,shein_environment,non_shein_environment,lift_sheinLabor_vs_nonSheinLabor,ratio_sheinLabor_vs_nonSheinLabor,n_comments,label,examples,keywords_short,summary,net_negative,amplification,support_rate_wavg,oppose_rate_wavg,neutral_rate_wavg,controversy_wavg,resonance_wavg,avg_reply_weight,threads_with_replies,polarity_wavg,alignment_wavg,resonance_strength_wavg,volume_weight,risk_penalty,destructiveness_base,destructiveness_stance,priority
0,0.018608948132505042,0.026744501764861966,0.0,0.0,0.008135553632356924,1.437184957324979,479,jeans | fur | barrel jeans | wear | wearing | faux fur,"🗣️ they love to say “can you believe this is from shein?!?” and it’s the most poorly sewn, polyester jacket i’ve ever seen in my life...<br><br>🗣️ lol. hope that leather jacket at the end is real. looks very much like a forever21 cheap piece that you wear 5-6 times and throw away. perhaps buys better quality clothes that you can wear for the rest of your life?<br><br>🗣️ where are the sweatpants you were wearing from?","jeans, fur, barrel jeans, wear"," It's the most poorly sewn, polyester jacket i’ve ever seen in my life... lol. hope that leather jacket at the end is real. looks very much like a forever21 cheap piece that you wear 5-6 times and throw away .",0.15078018875165583,16.09812108559499,0.013108614229772393,0.11516853932364773,0.8717228464465798,0.6313301823177401,0.009453072246132543,3.0918580375782883,66,-0.10205992509387535,0.12827715355342018,0.01309195668291761,6.173786103901937,0.15078018875165583,-10.375242167797257,-15.28623953077947,-15.28623953077947
1,0.019862742510227013,0.0166983437415128,0.0,0.0,-0.0031643987687142126,0.8406866721565974,424,cheap | money | buy | cost | price | pay,"🗣️ prices can't be ""cheap"". or ""expensive"". prices can be either ""low"" or ""high"".<br><br>🗣️ price of cheap is always far greater than you think.<br><br>🗣️ well, thats the real price is on another country, people in the us just got scam for more expensive for the same item all of this time","cheap, money, buy, cost"," Prices can't be ""cheap"". or ""expensive"". prices can be either ""low"" or ""high"". price of cheap is always far greater than you think . well, thats the real price is on another country .",0.28935170428317264,59.615566037735846,0.032334759866968626,0.16595339990489008,0.8017118402281412,0.7912854030515007,0.029629629629443793,10.825471698113208,40,-0.13361864003792145,0.19828815977185876,0.026494994244337853,6.052089168924417,0.28935170428317264,-1.0611302174170276,0.43520007195393073,0.43520007195393073
2,0.020588623465750258,0.011267988053215956,0.0,0.0,-0.009320635412534303,0.5472919316178972,395,chinese | china | brands | nike | products | chinese brands,"🗣️ all these brands discriminate against chinese while wishing to continue to feed on their money. it makes more sense to simply close all their shops and no longer sell to any chinese.<br><br>🗣️ chinese around the world should boycott those brands and products. from indonesia<br><br>🗣️ i don't know why chinese public so in love with foreign brands when foreigners always look down on chinese brands and have actively call for a boycott chinese made products. they should be proud of chinese made products. most of the foreign brands are made in china, and in many cases just slap on their foreign labels on chinese made products and then hike up a hefty prices margin because they are us or western names. just buy chinese brands, same top quality at a much more reasonable prices.","chinese, china, brands, nike",,0.43161178338341416,24.835443037974684,0.01661951909493357,0.27263083451371517,0.7107496463913513,0.6603295310561754,0.01489226869434212,7.989873417721519,67,-0.2560113154187816,0.2892503536086487,0.07405136351269787,5.981414211254481,0.43161178338341416,0.8399408328790486,4.910710325838017,4.910710325838017
3,0.021776428665697387,0.016291067064890537,0.0,0.0,-0.00548536160080685,0.7481055120138684,450,capitalism | money | greed | world | poor | make,🗣️ blame the greed of capitalism.<br><br>🗣️ it's all about greed. from the government to the corporations.<br><br>🗣️ capitalism at its finest . providing the goods we need here for less than 99 cents while half the world suffers .,"capitalism, money, greed, world", Capitalism at its finest . providing the goods we need here for less than 99 cents while half the world suffers . blame the greed of capitalism .,0.4633410530004443,10.155555555555555,0.022650056623383444,0.21630804077059543,0.7610419026060211,0.5422153369550983,0.015491866767994415,2.868888888888889,42,-0.19365798414721197,0.23895809739397889,0.0462761434369711,6.111467339502679,0.4633410530004443,0.6339399351322331,-2.31484692795132,-2.31484692795132
4,0.00013197835554968113,0.056204181373872356,0.0,0.0,0.05607220301832268,425.85585556004145,416,buy | clothing | it's | fashion | don't | cheap,"🗣️ who is still shopping from shein? their clothes are complete garbage and not even actually worth paying $1. i partake in fast fashion, but i only buy if i think it will last a year. shein might as well be disposable clothing<br><br>🗣️ there is no second hand market for shein clothing. it falls apart quickly, it becomes ugly quickly, and most goodwills are so fully stocked with thousands of shein pieces nowadays, most of them are refusing shein pieces now. so these clothes end up in the trash.<br><br>🗣️ i only bought from shein one time because i was drawn in by the cheap prices. i will never do it again. i ended up donating everything i got because it fit so bad and i am someone who never has problems with fit. i'm not surprised to find this out about shein. this is why i am willing to pay more money for higher quality and sustainable clothing. i wear my clothes for a few years and will even resell them if they are still in good condition after that so i don't mind paying up for clothes.","buy, clothing, it's, fashion",,0.5042977173557469,43.93990384615385,0.014227999297220946,0.10223080976663776,0.8835411909361413,0.8420006624718965,0.013415038091761384,14.514423076923077,71,-0.08800281046941681,0.11645880906385875,0.010248702501540762,6.0330862217988015,0.5042977173557469,5.263038396379961,6.030215268377777,6.030215268377777
5,0.0377458096872088,0.008824327993482374,0.0,0.0,-0.02892148169372643,0.23378297704631731,637,children | kids | school | work | child | life,"🗣️ poor kids, they deserve to be kids.<br><br>🗣️ we need to work for them. this children need a little love and a bit care from us, don't they? let's come forward to save the future.<br><br>🗣️ i do not understand! these children arent allowed to be children. this breaks my heart. my children never knew how good they really had it. kids today dont know.","children, kids, school, work"," This children need a little love and a bit care from us, don't they? let's come forward to save the future . i do not understand! these children arent allowed to be children. this breaks my heart. my children never knew how good they really had it .",0.2742896942367241,22.108320251177393,0.05263157894751617,0.15621052631711563,0.7911578947353682,0.6524991499522855,0.04250255015184344,4.616954474097331,71,-0.10357894736959947,0.20884210526463176,0.021631645429761644,6.45833828334479,0.2742896942367241,-5.4646308151632725,-8.74993387855414,-8.74993387855414
6,0.015705424310412056,0.0013575889220742115,0.0,0.0,-0.014347835388337844,0.08644076140836413,248,xinjiang | china | killed muslims | muslims | chinese | complains ask,"🗣️ i would suggest that you all fly to xinjiang to see for yourself before you say a word of such things. most of the so call xinjiang expert have not put their foot on the ground. so please get a mirror and see yourself first.<br><br>🗣️ they even not been in xinjiang, people there are happy and free. a xinjiang friend drive his jeep pick me up to travel there.... not as the medias told us<br><br>🗣️ ridiculous rumors about xinjiang. chinese people have the right to fight back!","xinjiang, china, killed muslims, muslims",,0.3301604648032451,25.504032258064516,0.003874092009720778,0.08910411622064049,0.9070217917696388,0.8328924162290359,0.0035273368606241378,9.14516129032258,45,-0.08523002421091971,0.09297820823036118,0.007924534938561618,5.517452896464707,0.3301604648032451,-2.528170862521628,-2.3435354419654884,-2.3435354419654884
7,0.01847696977695536,0.01642682595709796,0.0,0.0,-0.0020501438198574015,0.8890432395761344,401,emoji | emoji emoji | china | world | china emoji | emoji india,🗣️ <emoji> economic war continues <emoji><br><br>🗣️ this world is an unjust place <emoji><br><br>🗣️ and the workers <emoji> must rule society,"emoji, emoji emoji, china, world",,0.3096356653672831,66.10972568578553,0.01091081593925945,0.14326375711547462,0.845825426945266,0.7388302193366324,0.009341998375075862,6.139650872817955,47,-0.13235294117621518,0.15417457305473403,0.020405458198381302,5.996452088619021,0.3096356653672831,0.28133695653547647,-0.5099023629057721,-0.5099023629057721
8,0.019862742510227013,0.030545750746669757,0.0,0.0,0.010683008236442745,1.5378414734571906,526,emoji | emoji emoji | emoji baby | ptsd emoji | peele | ptsd,🗣️ <emoji> he got that ptsd <emoji><br><br>🗣️ 5:30 <emoji> that was <emoji><br><br>🗣️ her reaction the whole time got me <emoji>,"emoji, emoji emoji, emoji baby, ptsd emoji"," <emoji: He got that ptsd . <emojosh: ""That was <em emoji> her reaction the whole time got me <emmoosh""",0.12304933226440268,199.40114068441065,0.11673858732765606,0.253009311833569,0.630252100838775,0.5820528580229248,0.1053062896943169,9.279467680608365,48,-0.13627072450591293,0.36974789916122497,0.05038581410323936,6.267200548541362,0.12304933226440268,6.201091604588484,4.911018670114399,4.911018670114399
9,0.0009898376666226086,0.024029323920713542,0.0,0.0,0.023039486254090934,24.27600045440041,192,influencers | influencer | influencers influencers | company | emoji | tour,"🗣️ influencers are still a thing????<br><br>🗣️ wow, looks like it doesnt take much to be an ""influencer""<br><br>🗣️ i never listen to ""influencers"". for me the term ""influencer"" is wrong for these people. they are just overpaid and most of the times underqualified advertisers","influencers, influencer, influencers influencers, company",,0.49394633121513226,205.86458333333334,0.021095484826039537,0.10510732790354543,0.873797187270415,0.844436693410006,0.019881409138252308,14.932291666666666,27,-0.0840118430775059,0.126202812729585,0.010602530898977757,5.262690188904886,0.49394633121513226,17.450343332253727,18.22044991336817,18.22044991336817
10,0.014253662399365563,0.00040727667662226346,0.0,0.0,-0.0138463857227433,0.028573473724684106,219,perfumes | perfume | jasmine | fragrance | fragrances | buy perfume,🗣️ i’ll never buy a perfume like that again...these kinds of luxury items are not worth it if they are produced at the expense of children. most perfumes smell like shit anyway and are completely overpriced. i rather learn how to do it myself and join an organization that campaigns for jobs and fair pay in third world countries. thank you for showing us the truth!<br><br>🗣️ stop buying perfumes from such exploitative brands.<br><br>🗣️ another reason to boycott all best selling perfumes,"perfumes, perfume, jasmine, fragrance",,0.5290004904552036,51.10958904109589,0.009286412512259376,0.1559139784940173,0.8347996089937233,0.7707404103497284,0.008474576271124273,10.237442922374429,23,-0.14662756598175794,0.1652003910062767,0.024222931232485048,5.393627546352362,0.5290004904552036,6.103378727473638,6.649263693213575,6.649263693213575
11,0.03603009106506295,0.005973391257126531,0.0,0.0,-0.03005669980793642,0.16578895347643888,590,child | children | work | labor | child labor | kids,"🗣️ what about child labour in other countries?<br><br>🗣️ in most of the countries child labor is linked to poverty or lack of financial stability. it's a shame that even in the 21st century, many of our children in different parts of the world undergo a miserable life. exploitation of our children continue in different forms. it is high time to abolish child labor in any forms by ensuring their rights to live a dignified life. good documentary. <emoji><br><br>🗣️ there is nothing wrong with children working. the sooner they start the faster they will want to succeed in life. they should be paid a fair wage those.","child, children, work, labor", There is nothing wrong with children working. the sooner they start the faster they will want to succeed in life. they should be paid a fair wage those. exploitation of our children continue in different forms .,0.4245386991097387,24.801694915254238,0.02631578947399722,0.26602870813438473,0.7076555023916181,0.6706307071594073,0.02335952431507321,7.98135593220339,61,-0.23971291866038752,0.2923444976083819,0.0700787527760099,6.3818160174060985,0.4245386991097387,0.6218768691742977,4.715093661015421,4.715093661015421
12,0.020258677576876053,0.04222101547650798,0.0,0.0,0.021962337899631926,2.0840952343604724,618,buy | brands | brand | buying | it's | quality,"🗣️ i only bought from them once, before i found out about everything. i was in college and didn't have a ton of money to spend on items i needed. so, i tried shein. i still have those items today. never bought from them again, but i can say that it was great for people who don't have money.<br><br>🗣️ i will never purchase from them ! disgusting<br><br>🗣️ im no longer buying any expensive brands. im buying good quality cheap price.","buy, brands, brand, buying"," i only bought from them once, before i found out about everything . i was in college and didn't have a ton of money to spend on items i needed so, i tried shein. i still have those items today . i can say that it was great for people who don",0.3700947455471663,35.286407766990294,0.007221259387411123,0.12536106296797922,0.8674176776446096,0.7545905707223998,0.00620347394512408,6.5210355987055015,50,-0.1181398035805681,0.13258232235539036,0.01566324952132138,6.428105272684596,0.3700947455471663,-0.431491369865711,-1.4762367843629791,-1.4762367843629791
13,0.007918701332980869,0.03624762421938145,0.0,0.0,0.02832892288640058,4.577470233779657,387,wear | fashion | outfit | buy | outfits | trends,"🗣️ for me myself, i don’t buy shein, but i do buy forever 21. but i don’t follow fashion trends. i have an alt clothing style. so, that means that even thought i do shop at forever 21, h&m, hot topic, etc, i don’t get rid of my clothes as soon as they’re out of style. because i don’t follow normal fashion trends, i’ve had lots of the same clothes for years and years, and i resuse them, wash them, and make new outfits. i really hate how people think to be glamorous, you have to have different outfits every day. you dont ^^ reuse shirts and pants to make new different combinations. reuse jewelry to make even better jewelry matching. and most important, wear what you want to wear. don’t follow fashion trends if you don’t want to. wear what makes you feel comfortable, and if people hate you for wearing pieces of fabric that’s different from theirs, who cares! it’s your body, your decision <emoji><br><br>🗣️ as someone who works in the fashion industry it is a challenge to appear on trend, yet having a heart that says i don’t need new clothes. i have a closet full of clothes that are beautiful, good quality, fit well but i still have trouble wearing the same outfits over and over. normalize repeating outfits!!<br><br>🗣️ guys, we need to normalise re-wearing clothes and outfit repeating. it is literally the only way to solve all the problems that fast fashion perpetuate (overconsumption and needless waste, pollution, shitty quality clothes, sweatshops). i know we all like the dopamine hit we get when we buy new things (especially when it's a bargain). i know we like it when people compliment us when we are wearing something new and pretty. but seriously, living this way is destroying our environment and promoting the exploitation of people (mostly women and children) in developing countries. so guys, wherever possible, buy secondhand. and if you must buy brand new, cherish the item! look after it, wear it multiple times until it gets holes, then stitch up the holes and wear the item multiple more times!","wear, fashion, outfit, buy",,0.1522029963657693,188.75710594315245,0.04173707333553771,0.16137208516416648,0.7968908415002959,0.8219155577464909,0.04057828158348436,31.45736434108527,49,-0.11963501182862878,0.20310915849970412,0.02429896657961494,5.961005339623274,0.1522029963657693,5.959494062515998,7.999274088723479,7.999274088723479
14,0.02560380097663814,0.017512897094757326,0.0,0.0,-0.008090903881880815,0.6839959593007611,517,thank | love | work | great | thanks | content,🗣️ amazing photography thank you for sharing with humanity!<br><br>🗣️ first! i love your content!<br><br>🗣️ this is great work you are doing. god bless you,"thank, love, work, great", First! i love your content! this is great work you are doing. amazing photography thank you for sharing with humanity!,0.021413383408264045,46.17988394584139,0.027958993475519986,0.060577819195477965,0.9114631873290021,0.6492488569614808,0.01959503592264126,2.9613152804642167,59,-0.03261882571995798,0.08853681267099789,0.0028879668623158473,6.249975242259483,0.021413383408264045,-12.447435134309034,-18.297668956858175,-18.297668956858175
15,0.020258677576876053,0.02240021721422449,0.0,0.0,0.0021415396373484358,1.105709690255556,472,emoji | adele | peele | nancy | girl | woman,"🗣️ her. voice. <emoji> it’s just the tone, this half yelling, high pitched voiced that’s like nails on a chalkboard. would’ve loved to watch this the whole way through as i am actually very interested in this topic and she honestly seems great but between waiting it out for her to possibly change her tone and just fast forwarding it, it seems as though it stays the same the whole way through and i just can’t. is it just me???!!!<br><br>🗣️ she look's so much like adele...<br><br>🗣️ who is that woman? i want to give her a piece of my mind! <emoji>","emoji, adele, peele, nancy"," It's just the tone, this half yelling, high pitched voiced that’s like nails on a chalkboard . would’ve loved to watch this the whole way through as i am actually very interested in this topic and she honestly seems great .",0.22517910618077266,347.53177966101697,0.013242204186196453,0.33703545493429043,0.6497223408795131,0.6473657289016967,0.012685421994754283,20.709745762711865,61,-0.323793250748094,0.3502776591204869,0.11341754191105521,6.159095388491933,0.22517910618077266,23.98778216941613,33.13749925921299,33.13749925921299
16,0.011746073643921622,0.03814824871028534,0.0,0.0,0.02640217506636372,3.247744447974061,459,emoji | search bar | lol | lawrenceburg | oh | look,🗣️ 8:58 it’s um.... something bad...<br><br>🗣️ 5:12 honestly that is scary<br><br>🗣️ 6:54 and i thought they figured that out years ago,"emoji, search bar, lol, lawrenceburg", 8:58 it’s um.... something bad... 5:12 honestly that is scary . 6:54 and i thought they figured that out years ago years ago .,0.12288219790219904,18.455337690631808,0.004415011036576046,0.20603384841715133,0.7895511405462727,0.6112372304272898,0.003405221338510897,3.838779956427015,56,-0.2016188373805753,0.21044885945372727,0.042430454371128586,6.131226489483141,0.12288219790219904,-11.106837836132094,-12.60470413781971,-12.60470413781971
17,0.013131846377193274,0.0019006244909038962,0.0,0.0,-0.011231221886289378,0.14473397659226564,213,cotton | xinjiang | xinjiang cotton | cotton picking | picking | pick cotton,"🗣️ this is all about cotton business competition as us has got their ""supima"" cotton, maybe they want to get rid of xinjiang cotton to force their supima cotton into h&m and etc....<br><br>🗣️ h&m cannot afford cotton from xinjiang.....<br><br>🗣️ the reality is that xinjiang cotton is very good, the price is also expensive. h & m's clothes are cheap, it is impossible to use xinjiang cotton.","cotton, xinjiang, xinjiang cotton, cotton picking",,0.3655867168746513,44.985915492957744,0.02403748217541682,0.06253819515040494,0.9134243226741782,0.9150738916275296,0.023251231526693228,23.826291079812208,47,-0.038500712974988124,0.08657567732582183,0.003333225303336654,5.365976015021851,0.3655867168746513,0.2999830805182421,1.9999513896078704,1.9999513896078704
18,0.02639567110993623,0.006652185718163636,0.0,0.0,-0.01974348539177259,0.2520180463849423,449,slavery | slaves | slave | modern slavery | modern | countries,"🗣️ it's not slavery, if a person is ok with that.<br><br>🗣️ jobs are also slavery! you should consider that fact as well.<br><br>🗣️ it may not be chattel slavery, but it is definitely still slavery","slavery, slaves, slave, modern slavery"," it may not be chattel slavery, but it is definitely still slavery . jobs are also slavery! you should consider that fact as well .",0.5929763904149916,26.957683741648108,0.015139442231145753,0.255776892431568,0.7290836653372863,0.6522336769789047,0.013058419243787268,6.481069042316259,49,-0.24063745020042224,0.2709163346627137,0.0651926159908797,6.1092475827643655,0.5929763904149916,6.976101658566135,9.712548799365457,9.712548799365457
19,0.026065725221062024,0.002715177844148423,0.0,0.0,-0.0233505473769136,0.10416659106756304,415,buy | quality | cheap | expensive | brands | fashion,"🗣️ but h&m’s clothes aren’t even expensive so i wouldn’t mind spend money on it and h&m is my favorite brand because their designs are my style so that’s a plus<br><br>🗣️ ok,... i not buy h&m.<br><br>🗣️ well to be honest, h&m is shit quality. haven't bought from them in a few years.","buy, quality, cheap, expensive",,0.4494369048592971,42.436144578313254,0.005619556054773805,0.09075583028809048,0.9036246136571358,0.8211382113842292,0.005081300812683268,9.48433734939759,38,-0.08513627423331667,0.09637538634286424,0.008205041321027933,6.030685260261263,0.4494369048592971,3.134623024330404,3.04215251359584,3.04215251359584
20,0.024284017421141328,0.0006787944610371058,0.0,0.0,-0.023605222960104224,0.027952312062412075,373,india | indian | bangladesh | nepal | indians | blue collar,🗣️ it's a shame that india carries the bulk of the load and expertise for this industry and takes away such a small piece of the pie that it'd be hardly visible.<br><br>🗣️ not only the hide the fact that it is made in india but also pay very less to these amazing craftmen.... they keep most of the margins to themselves.... this way we will lose these craftsmanship forever as younger generations does not want to do that now... reason: they are not paid well! <emoji><br><br>🗣️ i always thought why india don't get any recognition in the fashion industry while contributing nothing less than western countries... and know i get it <emoji> this is all about cheap and dirty business monopoly!,"india, indian, bangladesh, nepal",,0.25467731514614794,22.98123324396783,0.037328094302069674,0.10019646365006907,0.8624754420478612,0.7802385008587165,0.03236797274135625,6.294906166219839,61,-0.06286836934799939,0.1375245579521388,0.008645944703755409,5.924255797414532,0.25467731514614794,-5.630151619501792,-6.796603969560081,-6.796603969560081
21,0.0185429589547302,0.030002715177840075,0.0,0.0,0.011459756223109876,1.6180111077782142,502,clothing | fashion | brands | buy | workers | cheap,"🗣️ the shameful thing is that the clothing sold by the major high street brands and many of the top labels too, arent manufactured under significantly superior working conditions. the clothes maybe better quality but the working conditions, pay, safety and job security are often just as bad.<br><br>🗣️ no ofense but where i come from even high price brands that are not considered fast fashion and are only affordable for rich ppl have slave labour. and clandestine factories where they produce their clothes and pay their workers (who work in terrible conditions) barely nothing (like 10 cents for piece of clothing) while they earn millions per year. ofc we should always put an eye and smell smt fishy when we see a super low price item of clothing but that doesn't always mean expensive clothing comes from a different place. more expensive is not equal as sustainable. sometimes the clothes can be made in different conditions but the fabric comes from the same place. the threads. and the quality is almost the same. a way you can help the planet and avoid this whole mess as much as you can is to buy second-hand clothes, take care of your clothes, learn how to fix them if they break o they need some adjustments instead of throwing the item into the trash, and finally support local businesses. small creators who work their asses off to make a t shirt and print it. sew everything themselves or their group. pay the price they put out there. threat them with respect. take them seriously. help them live their lives working and getting a proper salary. help you find nice pieces of clothing that will last years.<br><br>🗣️ the main issue is that most clothing is unethically sourced these days and with the economy becoming worse by the day, people got no choice but to buy cheap products with what little money they have. even thrift stores are not what they used to be in some countries.","clothing, fashion, brands, buy"," The clothing sold by the major high street brands and many of the top labels too, arent manufactured under significantly superior working conditions . The clothes maybe better quality but the working conditions, pay, safety and job security are often just as bad . The main issue is that most clothing is un",0.5011641472314606,75.90836653386454,0.014702055685310673,0.0888628675511336,0.8964350767635557,0.8703703703716896,0.013950617283455568,16.13545816733068,88,-0.07416081186582292,0.10356492323644428,0.007680458788036337,6.220590170099739,0.5011641472314606,8.386816252634004,9.65178565489932,9.65178565489932
22,0.00026395671109936226,0.02850936736355844,0.0,0.0,0.02824541065245908,108.0073290710821,214,ad | ad emoji | emoji | ad watching | emoji ad | ad ad,🗣️ i got a shein ad during this video <emoji><br><br>🗣️ i got a shein ad on this video <emoji><br><br>🗣️ i got a shein ad on this video <emoji>,"ad, ad emoji, emoji, ad watching",,0.020226312955736975,2.02803738317757,0.0,0.13953488367304717,0.8604651163269528,0.14800000001155086,0.0,1.1682242990654206,7,-0.13953488367304717,0.13953488367304723,0.019469983761650815,5.3706380281276624,0.020226312955736975,-14.403685700248522,-30.06108998811434,-30.06108998811434
23,0.026131714398836867,0.013983165897364378,0.0,0.0,-0.012148548501472489,0.5351032522720178,499,world | face dictatorship | communism change | dictatorship communism | years | real face,"🗣️ oh look, the future of the united states.<br><br>🗣️ this is 2025, the world never the same.<br><br>🗣️ things will a lot in the coming decades.","world, face dictatorship, communism change, dictatorship communism"," This is 2025, the world never the same. things will a lot in the coming decades. oh look, the future of the united states. this is 2025 .",0.25666594453471414,29.919839679358716,0.02167182662451173,0.255108359132014,0.7232198142434744,0.5743243243311329,0.016891891890762227,4.152304609218437,42,-0.2334365325075023,0.27678018575652563,0.06461060682978571,6.214608098422191,0.25666594453471414,-5.164651614705282,-4.724656347259584,-4.724656347259584
24,0.03266464299854608,0.0019006244909038962,0.0,0.0,-0.030764018507642182,0.05818598515840227,509,nike | buy nike | shoes | nikes | nike shoes | million facebook,🗣️ this makes me sick. i will never buy another nike product. they should be ashamed.<br><br>🗣️ nike is a great company they dont have to be done like this<br><br>🗣️ this was known a long time ago. i haven't bought a nike product since the 80s. please boycott.,"nike, buy nike, shoes, nikes", i haven't bought a nike product since the 80s. this makes me sick. i will never buy another nike item. i've been boycotting nike products since the 1980s. This was known a long time ago. Please boycott .,0.4491703674789108,29.483300589390964,0.011979823455285013,0.22698612862599246,0.7610340479187225,0.6857614982122225,0.010465436518742662,7.133595284872299,50,-0.21500630517070746,0.23896595208127747,0.0513791864185958,6.234410725718371,0.4491703674789108,1.9809574675445747,3.8572778682832847,3.8572778682832847
25,0.03180678368747315,0.028102090686936178,0.0,0.0,-0.003704693000536975,0.8835250391720343,689,videos | love | thank | great | love videos | youtube,"🗣️ anyone else here watching this video for an essay or project for school???<br><br>🗣️ incredible video. thank you for what you do and spreading awareness, truth, and knowledge. x<br><br>🗣️ you never disappoint ! thank you very much. this is high quality content, the way your express your thoughts is perfect. no matter one's position concerning this matter, if one takes the time to watch this entire video, i'm certain it'll impact them.","videos, love, thank, great"," The way your express your thoughts is perfect. no matter one's position concerning this matter, if one takes the time to watch this entire video, i'm certain it'll impact them. anyone else here watching this video for an essay or project for school??? thank you for what you do",0.10468621768157203,52.64296081277213,0.017231476162760325,0.10338885697539474,0.879379666861845,0.6563428086611974,0.012728044123078108,3.4208998548621192,73,-0.08615738081263441,0.12062033313815501,0.010392331975930848,6.536691597591305,0.10468621768157203,-9.09726741541964,-13.92040806618584,-13.92040806618584
26,0.0374158637983346,0.0,0.0,0.0,-0.0374158637983346,0.0,567,uniqlo | quality | love uniqlo | fashion | good | years,"🗣️ i love uniqlo, i’ve been a consumer since they launched in the us. i love the minimalism and quality of the clothes. they’re comfortable and last a good amount of time<br><br>🗣️ uniqlo are masters of clothing. i have being an ardent user of zara and h&m, i still am but when it comes to comfort and fair pricing, no other brands come even close to uniqlo. i also find them fashionable irrespective of what others have to say.<br><br>🗣️ honestly, i've been conditioned to think uniqlo as a brand that focus on the basics and good for the money. but honestly (in asia at least) they are either too basic (not aesthetically pleasing even if its a basic white shirt) or too limited (10 years ago and now, trend change but uniqlo doesn't). i still like their techy wears though but asides that, last time i shopped at uniqlo was 4 years ago then again didn't really enjoy the look","uniqlo, quality, love uniqlo, fashion"," i love uniqlo, i’ve been a consumer since they launched in the us. i love the minimalism and quality of the clothes. i also find them fashionable irrespective of what others have to say. i still like their techy wears though but asides that,",0.1366141975279963,46.447971781305114,0.08356336261008057,0.20702634880948118,0.7094102885804383,0.6463279343255611,0.07388506767191852,7.9488536155202825,45,-0.1234629861994006,0.2905897114195617,0.03587707353068115,6.342121418721152,0.1366141975279963,-8.21894758653057,-9.641550524809501,-9.641550524809501
27,0.020258677576876053,0.0048873201194671615,0.0,0.0,-0.01537135745740889,0.24124575060121226,343,bbc | news | documentary | journalism | bbc news | vice,"🗣️ this is real journalism! thank you bbc for this eye opening documentary!<br><br>🗣️ thanks bbc , good and honest media.<br><br>🗣️ this is bbc, shameless editors and reporters.","bbc, news, documentary, journalism",,0.27392607338865,41.74052478134111,0.01406865503630068,0.2785593697258762,0.7073719752378231,0.6171236171277134,0.012025012024491325,6.061224489795919,41,-0.2644907146895755,0.29262802476217686,0.07739739540754696,5.840641657373398,0.27392607338865,-3.180394894510662,0.044250385751654006,0.044250385751654006
28,0.015771413488186895,0.017105620418135063,0.0,0.0,0.001334206929948168,1.0845964660270335,365,that's uncover | uncover cover | cover cover | uncover | exposed that's | goes far,🗣️ when i found this song in 2018 i was so obsessed with it. i would listen to it all the time. watching again in 2025 revived my memories from those days. <emoji> ️ i miss this style of music<br><br>🗣️ the bully soundtrack playing in the background is bringing me such comfort<br><br>🗣️ what is the music in the intro?? please,"that's uncover, uncover cover, cover cover, uncover",,0.06841015770316941,125.46849315068494,0.06658595641601733,0.2615012106555014,0.6719128329284814,0.5934508816152588,0.055415617126989655,5.438356164383562,32,-0.19491525423948408,0.32808716707151864,0.06394919358245714,5.902633333401366,0.06841015770316941,-2.8484414643899094,-1.988448856001047,-1.988448856001047
29,0.013197835554968115,0.06122726038554694,0.0,0.0,0.04802942483057883,4.639189167901835,651,buy | thrift | clothing | fashion | wear | cheap,"🗣️ i’m southeast asian and even the cheapest shein clothes still quite expensive for me so i’ve never buy one. i rarely buy new clothes, when i do i bought them from thrifted and will only buy one if it’s around $3 or under $6 (though in my country, thrifting has become sooo well known that sellers can charge for more than $10 for a single used clothes). all those fast fashion brand such as h&m, zara, forever21 and uniqlo to me is an expensive brand. i only have 1 or 2 clothes with that brand and i treasure them so much and i use it for special occasions. this is so sad that those are actually cheap clothes and they throw away hundred clothes meanwhile in another side of world, there’s someone who actually treasure the brand with thoughts it’s an expensive brand.<br><br>🗣️ i'm in the sort of weird ""stuck between a rock and a hard place"" clothing sphere. i buy cheap clothes because that's all i can afford. i am aware of how bad it is for the people who make it and the environment, however i have no choice in the matter due to constant financial struggles. while i buy cheap, i also buy seldom. last time i bought clothes was 2020. while i participate in what you would call ""fast fashion"" i actually keep my clothes for years and years until they cant be publicly presentable anymore, at which point they become at home clothes until they get so damaged that repairing them just isn't worth the hassle.<br><br>🗣️ some people such as myself shop from shein out of necessity. i have $150 for the whole season, not for a couple of pieces. ethical fashion is very out of reach for me. yes i shop thrift stores but honestly thrift stores are increasing picked through by resellers and i end up feeling not put together when my whole outfit is thrifted. plus a thrifted wardrobe is hard to make feel cohesive and complete, i always feel slightly messy. i just bought four viscose maxi dresses and four cotton long sleeve tops for $89 and i love them and wear them every day, i have a minimal capsule wardrobe and will wear these pieces until they fall apart. i think a lot of people who look down on fast fashion are in positions of privilege and have extra income to allocate towards fashion. i shop as responsibly as i can afford to and i am minimal in my purchases. i also hand wash all of my clothing to extend their lives. just another perspective <emoji>","buy, thrift, clothing, fashion"," i'm in the sort of weird ""stuck between a rock and a hard place"" clothing sphere . i buy cheap clothes because that's all i can afford . i'm southeast asian and even the cheapest shein clothes still quite expensive for me so i’ve never bought",0.2577991535053438,83.61904761904762,0.03220213029457817,0.06234002146778343,0.9054578482376384,0.8888713496458355,0.030781373322386965,19.462365591397848,92,-0.030137891173205263,0.09454215176236158,0.0028493010810947093,6.480044561926653,0.2577991535053438,0.04339952387563173,1.2333650284757636,1.2333650284757636
30,0.03701992873168556,0.010181916915556586,0.0,0.0,-0.026838011816128972,0.2750387963822046,636,country | world | arms arms | dixie | countries | america,"🗣️ what are people in western countries supposed to do about any of this?<br><br>🗣️ this is beyond sad and the fact is, the west are exploiting these people because of their situation.<br><br>🗣️ where is middle eastern countries and america? hypocrisy at it's best!","country, world, arms arms, dixie", where is middle eastern countries and america? hypocrisy at it's best! hypocrisy at the best! what are people in western countries supposed to do about any of this?,0.35520487304595877,58.15723270440252,0.006743016161627328,0.11184844268363672,0.881408541154736,0.8425785591610592,0.006365565322575004,15.56132075471698,82,-0.1051054265220094,0.11859145884526401,0.012464605863798798,6.456769655572163,0.35520487304595877,1.2745611822308907,2.4276688622679417,2.4276688622679417
31,0.0234261581100684,0.021042628292150277,0.0,0.0,-0.0023835298179181244,0.8982534521891086,510,work | workers | forced | labor | working | labour,🗣️ apparently working is forced labour...<br><br>🗣️ that's an awful workplace! i feel bad for the workers who have no choice but to work in sweatshops to make enough money to live. there needs to be more access to good jobs and regulations on fair employee wages. not buying from shein anymore. i hope those workers can find good jobs<br><br>🗣️ i feel like the workers are trying to detour buyers so shein goes bankrupt or smth so they can be free. sweatshops have horrid living conditions after all,"work, workers, forced, labor", Apparently working is forced labour... that's an awful workplace! i feel bad for the workers who have no choice but to work in sweatshops to make enough money to live . There needs to be more access to good jobs and regulations on fair employee wages .,0.4927876193142569,42.811764705882354,0.013456686291055016,0.1141014858419036,0.8724418278670414,0.7949937421804222,0.01201501877323599,7.833333333333333,82,-0.1006447995508486,0.1275581721329586,0.012838066665394261,6.236369590203704,0.4927876193142569,4.900624557989483,4.677886176345103,4.677886176345103
32,0.010888214332848693,0.00013575889220742115,0.0,0.0,-0.010752455440641273,0.012468424627665996,166,knot | knots | knot store | it's knot | store | artisan knots,🗣️ those are some quality designer knots! i wish we had a knot store in my town.<br><br>🗣️ it's not a knot....it's nothing.... lol...<br><br>🗣️ someone had to knot all these knots. for a set. jesus. or this is just an actual store which is owned by jeff goldblum. that of course is totally believable.,"knot, knots, knot store, it's knot",,0.07616127188302049,25.819277108433734,0.07352941176724419,0.38235294117229224,0.5441176470604635,0.31864406780595456,0.03389830508405629,1.7771084337349397,7,-0.30882352940504804,0.4558823529395365,0.14078719722826544,5.117993812416755,0.07616127188302049,-10.123506800276395,-7.307519972782014,-7.307519972782014
33,0.022700277154545156,0.014797719250608906,0.0,0.0,-0.00790255790393625,0.6518739175733861,453,china | chinese | opium | british | traded | world,"🗣️ eh, here we go again... there's nothing wrong with producing in china and ""exploiting"" china's workforce as long as you honor your contracts and your employees work at your factories willingly. before you criticise someone for having chinese workers produce their goods in subpar conditions (by western standards), you must first consider what other options these workers have and what they would be doing if all those ""unethical"" manufacturers left the country. for that, you just need to remember what the country looked like before it opened up for western businesses. it sucks to be working long hours for shit money and sewing pants the whole day just to be able to send your kid to school. but it's much better than digging through a rice field in pouring rain with your hungry kid by your side. btw, the current chinese business model is a stage of development that europe and the us went through as well (in the 19th and early 20th century). china will not be stuck in it forever either.<br><br>🗣️ companies must abandon china eventually!<br><br>🗣️ sadly no matter how shitty or evil a company is they can always thrive in china due to china's ridiculous large consumer base, someone will either not care or not know about them.","china, chinese, opium, british"," There's nothing wrong with producing in china and ""exploiting"" china's workforce as long as you honor your contracts and your employees work at your factories willingly . The current chinese business model is a stage of development that europe and the us went through as well (",0.4494537080992239,8.205298013245033,0.006479481641054473,0.21598272137865657,0.7775377969802889,0.5538694992533179,0.004552352047964068,2.9094922737306845,61,-0.2095032397376021,0.2224622030197111,0.046606552251793644,6.118097198041348,0.4494537080992239,-0.06002312009515315,-2.6341388687239085,-2.6341388687239085
34,0.0003959350666490434,0.020499592723320595,0.0,0.0,0.02010365765667155,51.77500725512681,157,temu | temu ad | temu temu | buy temu | ad | companies temu,"🗣️ shein is so bad that i bought one item from them and swore them off completely! <emoji> to me, they are worse than temu.<br><br>🗣️ it’s the same with temu<br><br>🗣️ i'm glad i've never bought from shein or temu.","temu, temu ad, temu temu, buy temu",,0.41385593338703414,26.636942675159236,0.024321796071512056,0.20018709073748622,0.7754911131910017,0.7317275747551584,0.02159468438529046,7.6687898089171975,22,-0.17586529466597417,0.22450888680899828,0.03948332153379432,5.062595033026967,0.41385593338703414,0.31245414708017644,1.6000437214580299,1.6000437214580299
35,0.03015705424310214,0.024572359489543227,0.0,0.0,-0.005584694753558914,0.8148129613936259,638,emoji | emoji emoji | song | song emoji | emoji love | love,🗣️ welcome to the world <emoji><br><br>🗣️ this is too funny <emoji><br><br>🗣️ i love <emoji> ️ <emoji> this song <emoji>,"emoji, emoji emoji, song, song emoji", i love <emoji> i love this song. i love it. I love it . I love the song. I like it. It's too funny. I can't wait to see what's coming up with this song . I'm so excited to see the world. I,0.06636879293446583,63.51880877742947,0.01672640382099391,0.32258064516033397,0.660692951018672,0.39985945187524724,0.009838369639699434,2.230407523510972,52,-0.3058542413393401,0.339307048981328,0.10377850004727439,6.459904454377535,0.06636879293446583,-9.389075953315917,-8.638317438178401,-8.638317438178401
36,0.012471954599444867,0.03203909856095139,0.0,0.0,0.019567143961506522,2.5688913262630173,425,work | worked | day | working | hour | hours,"🗣️ i worked a factory job once. temp agency for low income people. we were in a hot warehouse with an assembly line, packed side by side putting budweiser bottles full of cobwebs from one out of date box into a new box (they were empty base bottles and would be boiled before product went into them) but it was constant. and full time. we got one lunch break. it was horrible. and in america. i was 16 and a drop out. only reason i got in was cause my mother worked one too<br><br>🗣️ i worked 21 days in a row at 12 hours a day in the food industry.<br><br>🗣️ i worked when i am little but it was my choice due to financial issue.","work, worked, day, working", i worked 21 days in a row at 12 hours a day in the food industry . i worked when i am little but it was my choice due to financial issue . i was 16 and a drop out. only reason i got in was cause my mother worked one too .,0.29978696452070247,76.88,0.02821316614422167,0.12457912457922417,0.8472077092765541,0.8599620916498308,0.02709332144031748,21.103529411764708,69,-0.0963659584350025,0.1527922907234459,0.014723975537044406,6.054439346269371,0.29978696452070247,0.9351576787096106,2.809363023769386,2.809363023769386
37,0.04262900884254701,0.04887320119467161,0.0,0.0,0.006244192352124603,1.146477513204926,1006,william | fat | fat free | animatronics | free | spider,🗣️ i spent eighteen years over there trying to understand the mindset and this just brought it all screaming back to me. i'm chewing a piece of carpet as i type! <emoji><br><br>🗣️ one of the funniest things i've seen in my life!<br><br>🗣️ the “you are going to die in this suit” girl wtf?????!!! what even is that?!?!? also the spiders and the mold are so disgusting omg what how is that even a thing,"william, fat, fat free, animatronics", i spent eighteen years over there trying to understand the mindset and this just brought it all screaming back to me. i'm chewing a piece of carpet as i type! <emoji> one of the funniest things i've seen in my life! the “you are going to,0.20173319766075057,62.25347912524851,0.011417180137591392,0.16201522290667078,0.8265675969557378,0.7200062082903376,0.009778053701427088,6.404572564612326,81,-0.1505980427690794,0.17343240304426222,0.026118580451204017,6.914730892718563,0.20173319766075057,-4.566926598364577,-5.21934457903525,-5.21934457903525
38,0.00798469051075571,0.030002715177840075,0.0,0.0,0.022018024667084364,3.757529660028215,342,fashion | fast fashion | fast | buy | buy fast | brands,"🗣️ one of the problems with fast fashion is that it isn’t a good thing if people stop buying it. the people making those clothes make them because they can’t get a better job. and if everyone stops buying fast fashion, those people will lose their job. of course they are not paid enough to make the clothes and the amount they work is inhumane, but if they lose their job, they will have no money at all. these problems never have an easy solution.<br><br>🗣️ i really think the biggest problem with fast fashion is buying many pieces of clothing in just one month. sadly even many eco friendly brands rely on monthly collections to drive their sales. so to me this is a welcome shift in culture.<br><br>🗣️ fast fashion is the most consumerist and dumb movement, it's toxic for workers, environment, resources and your own wallet!!! i recommend to buy high-quality non-fashionable clothings, timeless ones that are made to last years and wear out gracefully.","fashion, fast fashion, fast, buy",,0.34670510960263556,179.08187134502924,0.012475661642627507,0.1343477320257012,0.8531766063316713,0.8504554119894556,0.012214926216036823,41.41228070175438,46,-0.12187207038307368,0.14682339366832875,0.017893670967028295,5.8377304471659395,0.34670510960263556,11.778052155771872,13.732531631184033,13.732531631184033
39,0.015177510888213331,0.0009503122454519481,0.0,0.0,-0.014227198642761382,0.06261317747278122,237,boycott | chinese | boycott chinese | boycotting | china | boycott china,"🗣️ boycott?let chinese tell you what is boycott,look the stock price of these brands going where.<br><br>🗣️ well done boycott chinese products<br><br>🗣️ not only boycott but sue them for spreading lies. and start using chinese brands. china does not need foreign brands that insult the chinese in their own country and yet want their money. no person with any self-respect will accept that...!","boycott, chinese, boycott chinese, boycotting",,0.6310032529202348,15.68776371308017,0.013468013467835407,0.16610549943785533,0.8204264870943093,0.6803278688571827,0.010928961748111456,4.632911392405063,30,-0.15263748597001991,0.17957351290569068,0.027409649556729553,5.472270673671475,0.6310032529202348,6.543551735701976,5.167235173149554,5.167235173149554
40,0.016629272799259822,0.0,0.0,0.0,-0.016629272799259822,0.0,252,goldblum | jeff | jeff goldblum | goldblum jeff | jeff goldblum's | goldblum's,"🗣️ my god, i love jeff goldblum<br><br>🗣️ god, jeff goldblum is amazing.<br><br>🗣️ haha i love jeff goldblum so much lol","goldblum, jeff, jeff goldblum, goldblum jeff",,0.06831882442052048,101.69047619047619,0.027798098024908614,0.21433796635006339,0.7578639356250281,0.6945658963161628,0.02373516552125295,6.353174603174603,18,-0.18653986832515476,0.24213606437497193,0.04516802956527846,5.53338948872752,0.06831882442052048,-4.709258959029619,-3.5718289560486705,-3.5718289560486705
41,0.021776428665697387,0.012354059190875325,0.0,0.0,-0.009422369474822062,0.5673133466105169,421,chinese | china | chinese bots | emoji | government | bots,🗣️ chinese are doing the right thing!<br><br>🗣️ i am chinese and well informed in this matter. for the western audiences who are frequently watching media like this one. i am sure they are not well informed.<br><br>🗣️ the chinese populace has spoken.,"chinese, china, chinese bots, emoji", i am chinese and well informed in this matter. for the western audiences who are frequently watching media like this one. i am sure they are not well informed. the chinese populace has spoken. chinese are doing the right thing!,0.33784555347822715,24.80997624703088,0.016737674984409496,0.2702373706637588,0.7130249543518317,0.6590909090948667,0.015060240963262314,8.67458432304038,55,-0.2534996956793493,0.28697504564816834,0.07274808673937805,6.045005314036012,0.33784555347822715,-2.5559600459621663,1.3498401451829947,1.3498401451829947
42,0.01266992213276939,0.023350529459676438,0.0,0.0,0.010680607326907048,1.8429890390797095,364,emoji | buy | emoji emoji | emoji bro | wearing | fashion,"🗣️ good!! stop buying their brands, let their people to buy <emoji><br><br>🗣️ m happy no need to buy expensive products....anyway i never bought even one <emoji><br><br>🗣️ didn't knew this brand existed <emoji>","emoji, buy, emoji emoji, emoji bro",,0.20987273647659713,31.64835164835165,0.17265763111658408,0.20447849145574254,0.6228638774276734,0.5230084116820011,0.14497773379405834,5.552197802197802,40,-0.03182086033915846,0.37713612257232665,0.012000795885225752,5.8998973535824915,0.20987273647659713,-6.4025088665173575,-14.225707564688637,-14.225707564688637
43,0.04625841362016324,0.0166983437415128,0.0,0.0,-0.02956006987865044,0.36097959427762755,824,peele | fred | jake | jordan | love | keegan,"🗣️ always love his ‘um, um...yah, yah...uh-huh, uh-huh[pause]...mmm, mmm... he’s made a career out of simple reactions...brilliant!<br><br>🗣️ the “no it’s not.” stutter takes me out everytime. he genuinely looked so concerned and disturbed at the same time.. <emoji> this is comedy gold. the acting is so on point.!!️ <emoji><br><br>🗣️ when the video started, i thought the narrator was doing a cliche fashion designer’s voice...but as the video went on it’s just him...sounding bored.","peele, fred, jake, jordan"," The ""no it’s not.” stutter takes me out everytime. always love his ‘um, um...yah, yah...uh-huh, uh- huh[pause]...mmm, mmm... Brilliant! The �",0.11477907519483514,120.94781553398059,0.005770964833183012,0.3083859332736362,0.6858431018931808,0.6129339039491568,0.005072119194745358,7.656553398058253,60,-0.3026149684404532,0.31415689810681924,0.09506857980594578,6.715383386334681,0.11477907519483514,-1.8412556944812237,4.344150604484635,4.344150604484635
44,0.009700409132901563,0.0031224545207706863,0.0,0.0,-0.006577954612130877,0.3218889178901867,170,cotton | polyester | fabric | seedlings | cotton field | pick cotton,🗣️ hmm... people being forced to pick cotton... where have i heard that before...<br><br>🗣️ not like they’ve been using the cotton for years or anything....<br><br>🗣️ the irony that this is over cotton...,"cotton, polyester, fabric, seedlings",,0.29894160711316065,37.976470588235294,0.0034533793784224114,0.13517513566780312,0.8613714849537745,0.810313075508245,0.0032228360957516898,12.776470588235295,25,-0.1317217562893807,0.13862851504622553,0.018260391473677667,5.14166355650266,0.29894160711316065,-2.3271797483162935,-1.5294469565956952,-1.5294469565956952
45,0.020192688399101214,0.03298941080640334,0.0,0.0,0.012796722407302123,1.6337304137343742,549,companies | company | jaba | business | don't | consumers,"🗣️ this is why we need government regulation. when humans are left to their own vices you get stuff like this. when ppl and companies get so much money they’ll start to not care about the conditions for their workers and eventually the quality of their products.<br><br>🗣️ govt should file a complaint against such companies who are designed, manufactured & selling.<br><br>🗣️ the sheer greediness of this company astounds me.... quality and safe working conditions are so much more important than mass production","companies, company, jaba, business", When humans are left to their own vices you get stuff like this. this is why we need government regulation. when ppl and companies get so much money they’ll start to not care about the conditions for their workers and eventually the quality of their products .,0.5726426556639209,52.978142076502735,0.0073066263541364,0.16200554295755734,0.8306878306883062,0.7500000000032004,0.006537421099856107,8.080145719489982,82,-0.15469891660342094,0.1693121693116938,0.026192409160294004,6.309918278226516,0.5726426556639209,8.975711795847795,9.27561575498198,9.27561575498198
46,0.03405041573181773,0.0333966874830256,0.0,0.0,-0.000653728248792132,0.9808011380905871,762,evidence | it's | don't | right | stop | world,🗣️ serves them right! hope they go out of business for believing in slanders!<br><br>🗣️ this video just highlights how in each of us we have to motivation to stop this or encourage it...... because these poor bastards are so far away there's no in your face reality and ppl can try and justify their morally corrupt behaviour... onya georg!!<br><br>🗣️ i surprise they're isn't enought out cry for a lot inhuman issue. ppl are to busy worry about themself until the issue land on their doorstep,"evidence, it's, don't, right", This video highlights how in each of us we have to motivation to stop this or encourage it... because these poor bastards are so far away there's no in your face reality and ppl can try and justify their morally corrupt behaviour .,0.46753839252570406,15.0748031496063,0.017882689556666758,0.148783977108944,0.8333333333343893,0.5786435786499682,0.012025012024415393,2.7283464566929134,81,-0.13090128755227726,0.1666666666656107,0.021816881258574648,6.637258031284457,0.46753839252570406,1.3609421183028825,-4.280616048068109,-4.280616048068109
47,0.012537943777219708,0.03407548194406271,0.0,0.0,0.021537538166843,2.717788485236809,441,wear | years | clothing | buy | worn | throw,"🗣️ lmao people wearing clothes up to 7 times and then throw it away. i have clothes from high-school i still wear often it's probably half my wardrobe and i'm nearly thirty <emoji><br><br>🗣️ the clothes i wear, get used all the time, things that get dirty and stained become my work clothes, i don’t understand why people buy so many clothes only to wear them once and then throw them out<br><br>🗣️ i don’t understand why people would throw their clothing away so fast. why does it matter if you wear something multiple times? even tho my family was in a good situation financially, i always wore clothes that i had gotten from like ten years ago. still to this day i wear clothes that i might have purchased years ago. if it fits, then it’s still good. if a part of it is ripped, then i just stitch it up and continue to wear it. and when finally my clothes would become too small, my mom would tear them up and use them as cloth for cleaning the house or smth. we also donate them to other kids when they don’t fit me anymore. tbh, i tend to grow attached to my clothes so i never dare throw them away lol.","wear, years, clothing, buy"," i have clothes from high-school i still wear often it's probably half my wardrobe and i'm nearly thirty <emoji> The clothes i wear, get used all the time, things that get dirty and stained become my work clothes, i don’t understand why people buy",0.22738460060172078,140.51020408163265,0.03256410256415212,0.22128205128236234,0.7461538461534856,0.741911460488916,0.03152668597424284,27.403628117913833,56,-0.1887179487182102,0.25384615384651443,0.04790532544392141,6.091309882077698,0.22738460060172078,4.29111451474174,7.258468293217776,7.258468293217776
48,0.00026395671109936226,0.06665761607384378,0.0,0.0,0.06639365936274443,252.53142178048242,495,buy | emoji | bought | i'm | company | buying,🗣️ never heard of shein but i will happily continue not purchasing their products<br><br>🗣️ i never even heard of shein until now.<br><br>🗣️ i never knew about shein until after seeing how horrible of a company it is,"buy, emoji, bought, i'm", i never knew about shein until after seeing how horrible of a company it is. never heard of shein but i will happily continue not purchasing their products .,0.5552841017911718,91.81616161616162,0.026275951557108126,0.09721020761188594,0.8765138408310059,0.8457721728355907,0.025118875335776076,19.543434343434342,69,-0.07093425605477781,0.12348615916899408,0.008759398833714474,6.206575926724928,0.5552841017911718,11.912035013052469,12.607482138718302,12.607482138718302
49,0.027319519598783995,0.005294596796089425,0.0,0.0,-0.02202492280269457,0.19380269785279797,453,shirts | airism | shirt | uniqlo | wear | quality,🗣️ i love uniqlo's airism line. i couldn't believe how cheap those shirts were for how good the quality is. i used to by branded cotton tees and seeing an airism shirt be less than half the price was mind blowing.<br><br>🗣️ i’ve purchased several uniqlo products- the airism dress pants are high quality and the airism tshirts are great. the neck band keeps its shape unlike cheap tshirts which are thin and neck band stretches and becomes wavy. only complaint of have is when something is really on sale sometimes they’re completely out of stock all colours/sizes<br><br>🗣️ air ism shirts are overpriced. check out 32 degrees comfort tees.,"shirts, airism, shirt, uniqlo", i love uniqlo's airism line. i couldn't believe how cheap those shirts were for how good the quality is. i used to by branded cotton tees and seeing an airism shirt be less than half the price was mind blowing. The neck band keeps its shape unlike,0.14789218091690928,45.022075055187635,0.013600816048405509,0.03876232573909918,0.9476368582124952,0.897570271558973,0.012704462441828119,13.900662251655628,38,-0.025161509690693667,0.052363141787504786,0.0013175356995214682,6.118097198041348,0.14789218091690928,-7.6494333193018775,-6.483129411061485,-6.483129411061485
